label,prediction,actual_genre,predicted_genre
0,8,acoustic,cantopop
0,0,acoustic,acoustic
0,23,acoustic,study
0,3,acoustic,ambient
0,15,acoustic,heavy-metal
0,3,acoustic,ambient
0,3,acoustic,ambient
0,4,acoustic,anime
0,20,acoustic,malay
0,21,acoustic,salsa
0,18,acoustic,j-idol
0,0,acoustic,acoustic
0,0,acoustic,acoustic
0,0,acoustic,acoustic
0,0,acoustic,acoustic
0,0,acoustic,acoustic
0,0,acoustic,acoustic
0,8,acoustic,cantopop
0,0,acoustic,acoustic
0,0,acoustic,acoustic
0,6,acoustic,bluegrass
0,0,acoustic,acoustic
0,8,acoustic,cantopop
0,0,acoustic,acoustic
0,18,acoustic,j-idol
0,15,acoustic,heavy-metal
0,0,acoustic,acoustic
0,23,acoustic,study
0,15,acoustic,heavy-metal
0,0,acoustic,acoustic
0,21,acoustic,salsa
0,0,acoustic,acoustic
0,0,acoustic,acoustic
0,15,acoustic,heavy-metal
0,21,acoustic,salsa
0,0,acoustic,acoustic
0,21,acoustic,salsa
0,0,acoustic,acoustic
0,21,acoustic,salsa
0,24,acoustic,tango
0,3,acoustic,ambient
0,13,acoustic,forro
0,2,acoustic,alt-rock
0,21,acoustic,salsa
0,23,acoustic,study
0,21,acoustic,salsa
0,13,acoustic,forro
0,13,acoustic,forro
0,0,acoustic,acoustic
0,0,acoustic,acoustic
0,1,acoustic,afrobeat
0,15,acoustic,heavy-metal
0,0,acoustic,acoustic
0,0,acoustic,acoustic
0,0,acoustic,acoustic
0,0,acoustic,acoustic
0,2,acoustic,alt-rock
0,6,acoustic,bluegrass
0,13,acoustic,forro
0,0,acoustic,acoustic
0,20,acoustic,malay
0,0,acoustic,acoustic
0,0,acoustic,acoustic
0,24,acoustic,tango
0,0,acoustic,acoustic
0,0,acoustic,acoustic
0,19,acoustic,kids
0,8,acoustic,cantopop
0,0,acoustic,acoustic
0,23,acoustic,study
0,13,acoustic,forro
0,0,acoustic,acoustic
0,24,acoustic,tango
0,24,acoustic,tango
1,15,afrobeat,heavy-metal
1,20,afrobeat,malay
1,14,afrobeat,happy
1,15,afrobeat,heavy-metal
1,24,afrobeat,tango
1,13,afrobeat,forro
1,6,afrobeat,bluegrass
1,21,afrobeat,salsa
1,1,afrobeat,afrobeat
1,15,afrobeat,heavy-metal
1,1,afrobeat,afrobeat
1,1,afrobeat,afrobeat
1,6,afrobeat,bluegrass
1,18,afrobeat,j-idol
1,8,afrobeat,cantopop
1,6,afrobeat,bluegrass
1,24,afrobeat,tango
1,6,afrobeat,bluegrass
1,24,afrobeat,tango
1,14,afrobeat,happy
1,15,afrobeat,heavy-metal
1,1,afrobeat,afrobeat
1,21,afrobeat,salsa
1,24,afrobeat,tango
1,20,afrobeat,malay
1,10,afrobeat,club
1,23,afrobeat,study
1,1,afrobeat,afrobeat
1,24,afrobeat,tango
1,1,afrobeat,afrobeat
1,1,afrobeat,afrobeat
1,18,afrobeat,j-idol
1,6,afrobeat,bluegrass
1,6,afrobeat,bluegrass
1,6,afrobeat,bluegrass
1,1,afrobeat,afrobeat
1,1,afrobeat,afrobeat
1,6,afrobeat,bluegrass
1,1,afrobeat,afrobeat
1,1,afrobeat,afrobeat
1,18,afrobeat,j-idol
1,20,afrobeat,malay
1,1,afrobeat,afrobeat
1,1,afrobeat,afrobeat
1,1,afrobeat,afrobeat
1,1,afrobeat,afrobeat
1,1,afrobeat,afrobeat
1,24,afrobeat,tango
1,13,afrobeat,forro
1,6,afrobeat,bluegrass
1,13,afrobeat,forro
1,13,afrobeat,forro
1,19,afrobeat,kids
1,21,afrobeat,salsa
1,21,afrobeat,salsa
1,1,afrobeat,afrobeat
1,21,afrobeat,salsa
1,21,afrobeat,salsa
1,1,afrobeat,afrobeat
1,1,afrobeat,afrobeat
1,21,afrobeat,salsa
1,21,afrobeat,salsa
1,1,afrobeat,afrobeat
1,1,afrobeat,afrobeat
1,1,afrobeat,afrobeat
1,21,afrobeat,salsa
1,21,afrobeat,salsa
1,1,afrobeat,afrobeat
1,21,afrobeat,salsa
1,13,afrobeat,forro
1,0,afrobeat,acoustic
1,1,afrobeat,afrobeat
1,1,afrobeat,afrobeat
1,9,afrobeat,chicago-house
1,24,afrobeat,tango
1,1,afrobeat,afrobeat
1,1,afrobeat,afrobeat
1,1,afrobeat,afrobeat
1,23,afrobeat,study
1,1,afrobeat,afrobeat
1,21,afrobeat,salsa
1,1,afrobeat,afrobeat
1,1,afrobeat,afrobeat
1,1,afrobeat,afrobeat
1,19,afrobeat,kids
1,19,afrobeat,kids
1,1,afrobeat,afrobeat
1,1,afrobeat,afrobeat
2,17,alt-rock,iranian
2,17,alt-rock,iranian
2,2,alt-rock,alt-rock
2,2,alt-rock,alt-rock
2,2,alt-rock,alt-rock
2,2,alt-rock,alt-rock
2,17,alt-rock,iranian
2,2,alt-rock,alt-rock
2,17,alt-rock,iranian
2,17,alt-rock,iranian
2,15,alt-rock,heavy-metal
2,2,alt-rock,alt-rock
2,2,alt-rock,alt-rock
2,13,alt-rock,forro
2,4,alt-rock,anime
2,15,alt-rock,heavy-metal
2,2,alt-rock,alt-rock
2,0,alt-rock,acoustic
2,13,alt-rock,forro
2,2,alt-rock,alt-rock
2,2,alt-rock,alt-rock
2,14,alt-rock,happy
2,2,alt-rock,alt-rock
2,4,alt-rock,anime
2,13,alt-rock,forro
2,2,alt-rock,alt-rock
2,4,alt-rock,anime
2,17,alt-rock,iranian
2,2,alt-rock,alt-rock
2,2,alt-rock,alt-rock
2,2,alt-rock,alt-rock
2,4,alt-rock,anime
2,2,alt-rock,alt-rock
2,4,alt-rock,anime
2,2,alt-rock,alt-rock
2,2,alt-rock,alt-rock
2,2,alt-rock,alt-rock
2,2,alt-rock,alt-rock
2,2,alt-rock,alt-rock
2,2,alt-rock,alt-rock
2,2,alt-rock,alt-rock
2,2,alt-rock,alt-rock
2,17,alt-rock,iranian
2,13,alt-rock,forro
2,2,alt-rock,alt-rock
2,2,alt-rock,alt-rock
2,13,alt-rock,forro
2,2,alt-rock,alt-rock
2,2,alt-rock,alt-rock
2,2,alt-rock,alt-rock
2,2,alt-rock,alt-rock
2,2,alt-rock,alt-rock
2,13,alt-rock,forro
2,2,alt-rock,alt-rock
2,21,alt-rock,salsa
2,4,alt-rock,anime
2,0,alt-rock,acoustic
2,2,alt-rock,alt-rock
2,4,alt-rock,anime
2,2,alt-rock,alt-rock
2,2,alt-rock,alt-rock
2,4,alt-rock,anime
2,13,alt-rock,forro
2,2,alt-rock,alt-rock
2,4,alt-rock,anime
2,2,alt-rock,alt-rock
2,4,alt-rock,anime
2,2,alt-rock,alt-rock
2,2,alt-rock,alt-rock
2,2,alt-rock,alt-rock
2,2,alt-rock,alt-rock
2,4,alt-rock,anime
2,8,alt-rock,cantopop
2,2,alt-rock,alt-rock
2,2,alt-rock,alt-rock
2,2,alt-rock,alt-rock
2,2,alt-rock,alt-rock
2,2,alt-rock,alt-rock
2,13,alt-rock,forro
2,4,alt-rock,anime
2,13,alt-rock,forro
2,2,alt-rock,alt-rock
2,2,alt-rock,alt-rock
2,13,alt-rock,forro
2,2,alt-rock,alt-rock
2,2,alt-rock,alt-rock
2,21,alt-rock,salsa
2,2,alt-rock,alt-rock
2,23,alt-rock,study
2,21,alt-rock,salsa
2,2,alt-rock,alt-rock
2,2,alt-rock,alt-rock
2,19,alt-rock,kids
2,13,alt-rock,forro
2,21,alt-rock,salsa
2,13,alt-rock,forro
3,3,ambient,ambient
3,17,ambient,iranian
3,22,ambient,sleep
3,3,ambient,ambient
3,3,ambient,ambient
3,3,ambient,ambient
3,17,ambient,iranian
3,22,ambient,sleep
3,3,ambient,ambient
3,3,ambient,ambient
3,3,ambient,ambient
3,3,ambient,ambient
3,22,ambient,sleep
3,3,ambient,ambient
3,3,ambient,ambient
3,3,ambient,ambient
3,3,ambient,ambient
3,17,ambient,iranian
3,4,ambient,anime
3,3,ambient,ambient
3,22,ambient,sleep
3,12,ambient,disney
3,3,ambient,ambient
3,22,ambient,sleep
3,3,ambient,ambient
3,3,ambient,ambient
3,3,ambient,ambient
3,17,ambient,iranian
3,3,ambient,ambient
3,17,ambient,iranian
3,3,ambient,ambient
3,3,ambient,ambient
3,3,ambient,ambient
3,3,ambient,ambient
3,3,ambient,ambient
3,3,ambient,ambient
3,8,ambient,cantopop
3,3,ambient,ambient
3,4,ambient,anime
3,3,ambient,ambient
3,3,ambient,ambient
3,17,ambient,iranian
3,3,ambient,ambient
3,3,ambient,ambient
3,3,ambient,ambient
3,4,ambient,anime
3,12,ambient,disney
3,15,ambient,heavy-metal
3,3,ambient,ambient
3,3,ambient,ambient
3,3,ambient,ambient
3,12,ambient,disney
3,2,ambient,alt-rock
3,2,ambient,alt-rock
3,3,ambient,ambient
3,0,ambient,acoustic
3,2,ambient,alt-rock
3,3,ambient,ambient
3,3,ambient,ambient
3,2,ambient,alt-rock
3,0,ambient,acoustic
3,3,ambient,ambient
3,2,ambient,alt-rock
3,3,ambient,ambient
3,0,ambient,acoustic
3,17,ambient,iranian
3,3,ambient,ambient
3,0,ambient,acoustic
3,3,ambient,ambient
3,3,ambient,ambient
3,3,ambient,ambient
3,3,ambient,ambient
3,3,ambient,ambient
3,0,ambient,acoustic
3,3,ambient,ambient
3,0,ambient,acoustic
3,3,ambient,ambient
3,3,ambient,ambient
3,0,ambient,acoustic
3,23,ambient,study
3,8,ambient,cantopop
3,8,ambient,cantopop
3,3,ambient,ambient
3,0,ambient,acoustic
3,17,ambient,iranian
3,23,ambient,study
3,13,ambient,forro
3,23,ambient,study
3,3,ambient,ambient
3,0,ambient,acoustic
3,3,ambient,ambient
3,23,ambient,study
3,3,ambient,ambient
3,23,ambient,study
3,9,ambient,chicago-house
3,23,ambient,study
3,23,ambient,study
3,18,ambient,j-idol
3,3,ambient,ambient
3,21,ambient,salsa
4,3,anime,ambient
4,4,anime,anime
4,3,anime,ambient
4,3,anime,ambient
4,4,anime,anime
4,0,anime,acoustic
4,4,anime,anime
4,4,anime,anime
4,4,anime,anime
4,4,anime,anime
4,4,anime,anime
4,4,anime,anime
4,4,anime,anime
4,8,anime,cantopop
4,15,anime,heavy-metal
4,10,anime,club
4,10,anime,club
4,3,anime,ambient
4,4,anime,anime
4,3,anime,ambient
4,4,anime,anime
4,4,anime,anime
4,15,anime,heavy-metal
4,18,anime,j-idol
4,4,anime,anime
4,2,anime,alt-rock
4,2,anime,alt-rock
4,0,anime,acoustic
4,4,anime,anime
4,10,anime,club
4,3,anime,ambient
4,3,anime,ambient
4,4,anime,anime
4,3,anime,ambient
4,2,anime,alt-rock
4,4,anime,anime
4,4,anime,anime
4,4,anime,anime
4,3,anime,ambient
4,4,anime,anime
4,4,anime,anime
4,15,anime,heavy-metal
4,15,anime,heavy-metal
4,21,anime,salsa
4,2,anime,alt-rock
4,3,anime,ambient
4,4,anime,anime
4,4,anime,anime
4,15,anime,heavy-metal
4,13,anime,forro
4,18,anime,j-idol
4,10,anime,club
4,23,anime,study
4,18,anime,j-idol
4,23,anime,study
4,21,anime,salsa
4,21,anime,salsa
4,2,anime,alt-rock
4,10,anime,club
4,13,anime,forro
4,8,anime,cantopop
4,4,anime,anime
4,13,anime,forro
4,23,anime,study
4,2,anime,alt-rock
4,2,anime,alt-rock
4,19,anime,kids
4,13,anime,forro
4,4,anime,anime
4,2,anime,alt-rock
4,18,anime,j-idol
4,4,anime,anime
4,0,anime,acoustic
4,10,anime,club
4,10,anime,club
4,4,anime,anime
4,13,anime,forro
4,1,anime,afrobeat
4,13,anime,forro
4,4,anime,anime
4,23,anime,study
4,23,anime,study
4,19,anime,kids
4,13,anime,forro
4,23,anime,study
4,13,anime,forro
4,23,anime,study
4,23,anime,study
4,23,anime,study
4,13,anime,forro
4,23,anime,study
5,5,black-metal,black-metal
5,5,black-metal,black-metal
5,5,black-metal,black-metal
5,5,black-metal,black-metal
5,3,black-metal,ambient
5,5,black-metal,black-metal
5,5,black-metal,black-metal
5,5,black-metal,black-metal
5,5,black-metal,black-metal
5,5,black-metal,black-metal
5,5,black-metal,black-metal
5,5,black-metal,black-metal
5,5,black-metal,black-metal
5,5,black-metal,black-metal
5,5,black-metal,black-metal
5,5,black-metal,black-metal
5,5,black-metal,black-metal
5,12,black-metal,disney
5,5,black-metal,black-metal
5,2,black-metal,alt-rock
5,5,black-metal,black-metal
5,5,black-metal,black-metal
5,5,black-metal,black-metal
5,5,black-metal,black-metal
5,5,black-metal,black-metal
5,5,black-metal,black-metal
5,5,black-metal,black-metal
5,5,black-metal,black-metal
5,5,black-metal,black-metal
5,5,black-metal,black-metal
5,12,black-metal,disney
5,5,black-metal,black-metal
5,5,black-metal,black-metal
5,5,black-metal,black-metal
5,5,black-metal,black-metal
5,5,black-metal,black-metal
5,5,black-metal,black-metal
5,5,black-metal,black-metal
5,5,black-metal,black-metal
5,5,black-metal,black-metal
5,5,black-metal,black-metal
5,5,black-metal,black-metal
5,4,black-metal,anime
5,15,black-metal,heavy-metal
5,5,black-metal,black-metal
5,17,black-metal,iranian
5,5,black-metal,black-metal
5,15,black-metal,heavy-metal
5,5,black-metal,black-metal
5,5,black-metal,black-metal
5,5,black-metal,black-metal
5,5,black-metal,black-metal
5,7,black-metal,breakbeat
5,5,black-metal,black-metal
5,5,black-metal,black-metal
5,5,black-metal,black-metal
5,5,black-metal,black-metal
5,5,black-metal,black-metal
5,5,black-metal,black-metal
5,5,black-metal,black-metal
5,5,black-metal,black-metal
5,15,black-metal,heavy-metal
5,5,black-metal,black-metal
5,5,black-metal,black-metal
5,5,black-metal,black-metal
5,5,black-metal,black-metal
5,5,black-metal,black-metal
5,5,black-metal,black-metal
5,5,black-metal,black-metal
5,5,black-metal,black-metal
5,17,black-metal,iranian
5,15,black-metal,heavy-metal
5,5,black-metal,black-metal
5,5,black-metal,black-metal
5,5,black-metal,black-metal
5,5,black-metal,black-metal
5,5,black-metal,black-metal
5,5,black-metal,black-metal
5,15,black-metal,heavy-metal
5,5,black-metal,black-metal
5,14,black-metal,happy
5,15,black-metal,heavy-metal
5,7,black-metal,breakbeat
5,14,black-metal,happy
5,10,black-metal,club
5,14,black-metal,happy
5,10,black-metal,club
5,15,black-metal,heavy-metal
5,5,black-metal,black-metal
5,10,black-metal,club
5,15,black-metal,heavy-metal
5,18,black-metal,j-idol
5,3,black-metal,ambient
5,15,black-metal,heavy-metal
5,15,black-metal,heavy-metal
5,10,black-metal,club
5,15,black-metal,heavy-metal
5,15,black-metal,heavy-metal
5,10,black-metal,club
5,10,black-metal,club
6,6,bluegrass,bluegrass
6,15,bluegrass,heavy-metal
6,6,bluegrass,bluegrass
6,6,bluegrass,bluegrass
6,23,bluegrass,study
6,24,bluegrass,tango
6,6,bluegrass,bluegrass
6,6,bluegrass,bluegrass
6,11,bluegrass,comedy
6,6,bluegrass,bluegrass
6,6,bluegrass,bluegrass
6,6,bluegrass,bluegrass
6,6,bluegrass,bluegrass
6,6,bluegrass,bluegrass
6,6,bluegrass,bluegrass
6,21,bluegrass,salsa
6,6,bluegrass,bluegrass
6,6,bluegrass,bluegrass
6,0,bluegrass,acoustic
6,24,bluegrass,tango
6,6,bluegrass,bluegrass
6,6,bluegrass,bluegrass
6,21,bluegrass,salsa
6,20,bluegrass,malay
6,6,bluegrass,bluegrass
6,21,bluegrass,salsa
6,24,bluegrass,tango
6,24,bluegrass,tango
6,12,bluegrass,disney
6,21,bluegrass,salsa
6,6,bluegrass,bluegrass
6,6,bluegrass,bluegrass
6,6,bluegrass,bluegrass
6,8,bluegrass,cantopop
6,8,bluegrass,cantopop
6,6,bluegrass,bluegrass
6,24,bluegrass,tango
6,8,bluegrass,cantopop
6,6,bluegrass,bluegrass
6,6,bluegrass,bluegrass
6,6,bluegrass,bluegrass
6,20,bluegrass,malay
6,6,bluegrass,bluegrass
6,21,bluegrass,salsa
6,21,bluegrass,salsa
6,0,bluegrass,acoustic
6,6,bluegrass,bluegrass
6,18,bluegrass,j-idol
6,6,bluegrass,bluegrass
6,24,bluegrass,tango
6,6,bluegrass,bluegrass
6,24,bluegrass,tango
6,6,bluegrass,bluegrass
6,6,bluegrass,bluegrass
6,8,bluegrass,cantopop
6,24,bluegrass,tango
6,8,bluegrass,cantopop
6,6,bluegrass,bluegrass
6,6,bluegrass,bluegrass
6,18,bluegrass,j-idol
6,24,bluegrass,tango
6,6,bluegrass,bluegrass
6,1,bluegrass,afrobeat
6,6,bluegrass,bluegrass
6,6,bluegrass,bluegrass
6,13,bluegrass,forro
6,6,bluegrass,bluegrass
6,6,bluegrass,bluegrass
6,6,bluegrass,bluegrass
6,6,bluegrass,bluegrass
6,0,bluegrass,acoustic
6,23,bluegrass,study
6,24,bluegrass,tango
6,13,bluegrass,forro
6,1,bluegrass,afrobeat
6,21,bluegrass,salsa
6,6,bluegrass,bluegrass
6,6,bluegrass,bluegrass
6,18,bluegrass,j-idol
6,6,bluegrass,bluegrass
6,20,bluegrass,malay
6,6,bluegrass,bluegrass
6,6,bluegrass,bluegrass
6,6,bluegrass,bluegrass
6,6,bluegrass,bluegrass
6,1,bluegrass,afrobeat
6,24,bluegrass,tango
6,6,bluegrass,bluegrass
6,21,bluegrass,salsa
6,6,bluegrass,bluegrass
6,24,bluegrass,tango
6,6,bluegrass,bluegrass
6,6,bluegrass,bluegrass
6,21,bluegrass,salsa
6,6,bluegrass,bluegrass
6,21,bluegrass,salsa
6,21,bluegrass,salsa
6,21,bluegrass,salsa
6,6,bluegrass,bluegrass
6,24,bluegrass,tango
7,5,breakbeat,black-metal
7,14,breakbeat,happy
7,7,breakbeat,breakbeat
7,7,breakbeat,breakbeat
7,14,breakbeat,happy
7,10,breakbeat,club
7,16,breakbeat,idm
7,7,breakbeat,breakbeat
7,14,breakbeat,happy
7,7,breakbeat,breakbeat
7,5,breakbeat,black-metal
7,7,breakbeat,breakbeat
7,14,breakbeat,happy
7,16,breakbeat,idm
7,14,breakbeat,happy
7,16,breakbeat,idm
7,14,breakbeat,happy
7,14,breakbeat,happy
7,7,breakbeat,breakbeat
7,10,breakbeat,club
7,10,breakbeat,club
7,7,breakbeat,breakbeat
7,10,breakbeat,club
7,7,breakbeat,breakbeat
7,10,breakbeat,club
7,10,breakbeat,club
7,20,breakbeat,malay
7,14,breakbeat,happy
7,7,breakbeat,breakbeat
7,14,breakbeat,happy
7,7,breakbeat,breakbeat
7,7,breakbeat,breakbeat
7,14,breakbeat,happy
7,10,breakbeat,club
7,10,breakbeat,club
7,14,breakbeat,happy
7,7,breakbeat,breakbeat
7,7,breakbeat,breakbeat
7,7,breakbeat,breakbeat
7,7,breakbeat,breakbeat
7,10,breakbeat,club
7,10,breakbeat,club
7,7,breakbeat,breakbeat
7,1,breakbeat,afrobeat
7,7,breakbeat,breakbeat
7,7,breakbeat,breakbeat
7,14,breakbeat,happy
7,16,breakbeat,idm
7,7,breakbeat,breakbeat
7,7,breakbeat,breakbeat
7,7,breakbeat,breakbeat
7,14,breakbeat,happy
7,1,breakbeat,afrobeat
7,7,breakbeat,breakbeat
7,19,breakbeat,kids
7,19,breakbeat,kids
7,9,breakbeat,chicago-house
7,7,breakbeat,breakbeat
7,7,breakbeat,breakbeat
7,7,breakbeat,breakbeat
7,9,breakbeat,chicago-house
7,10,breakbeat,club
7,9,breakbeat,chicago-house
7,9,breakbeat,chicago-house
7,9,breakbeat,chicago-house
7,7,breakbeat,breakbeat
7,9,breakbeat,chicago-house
7,9,breakbeat,chicago-house
7,14,breakbeat,happy
7,13,breakbeat,forro
7,9,breakbeat,chicago-house
7,10,breakbeat,club
7,9,breakbeat,chicago-house
7,7,breakbeat,breakbeat
7,9,breakbeat,chicago-house
7,19,breakbeat,kids
7,9,breakbeat,chicago-house
7,9,breakbeat,chicago-house
7,23,breakbeat,study
7,10,breakbeat,club
7,18,breakbeat,j-idol
7,7,breakbeat,breakbeat
7,9,breakbeat,chicago-house
7,18,breakbeat,j-idol
7,1,breakbeat,afrobeat
7,7,breakbeat,breakbeat
7,9,breakbeat,chicago-house
7,19,breakbeat,kids
7,9,breakbeat,chicago-house
7,19,breakbeat,kids
7,19,breakbeat,kids
7,9,breakbeat,chicago-house
7,9,breakbeat,chicago-house
8,12,cantopop,disney
8,8,cantopop,cantopop
8,3,cantopop,ambient
8,24,cantopop,tango
8,13,cantopop,forro
8,4,cantopop,anime
8,13,cantopop,forro
8,24,cantopop,tango
8,3,cantopop,ambient
8,0,cantopop,acoustic
8,24,cantopop,tango
8,0,cantopop,acoustic
8,8,cantopop,cantopop
8,8,cantopop,cantopop
8,24,cantopop,tango
8,17,cantopop,iranian
8,6,cantopop,bluegrass
8,13,cantopop,forro
8,24,cantopop,tango
8,8,cantopop,cantopop
8,3,cantopop,ambient
8,8,cantopop,cantopop
8,8,cantopop,cantopop
8,20,cantopop,malay
8,24,cantopop,tango
8,6,cantopop,bluegrass
8,2,cantopop,alt-rock
8,8,cantopop,cantopop
8,8,cantopop,cantopop
8,8,cantopop,cantopop
8,8,cantopop,cantopop
8,8,cantopop,cantopop
8,24,cantopop,tango
8,8,cantopop,cantopop
8,8,cantopop,cantopop
8,20,cantopop,malay
8,8,cantopop,cantopop
8,8,cantopop,cantopop
8,20,cantopop,malay
8,2,cantopop,alt-rock
8,8,cantopop,cantopop
8,8,cantopop,cantopop
8,0,cantopop,acoustic
8,8,cantopop,cantopop
8,8,cantopop,cantopop
8,8,cantopop,cantopop
8,6,cantopop,bluegrass
8,8,cantopop,cantopop
8,10,cantopop,club
8,8,cantopop,cantopop
8,0,cantopop,acoustic
8,13,cantopop,forro
8,8,cantopop,cantopop
8,8,cantopop,cantopop
8,8,cantopop,cantopop
8,8,cantopop,cantopop
8,8,cantopop,cantopop
8,24,cantopop,tango
8,0,cantopop,acoustic
8,8,cantopop,cantopop
8,8,cantopop,cantopop
8,0,cantopop,acoustic
8,6,cantopop,bluegrass
8,8,cantopop,cantopop
8,24,cantopop,tango
8,21,cantopop,salsa
8,8,cantopop,cantopop
8,18,cantopop,j-idol
8,23,cantopop,study
8,0,cantopop,acoustic
8,8,cantopop,cantopop
8,13,cantopop,forro
8,8,cantopop,cantopop
8,8,cantopop,cantopop
8,8,cantopop,cantopop
8,8,cantopop,cantopop
8,8,cantopop,cantopop
8,13,cantopop,forro
8,24,cantopop,tango
8,24,cantopop,tango
8,8,cantopop,cantopop
8,13,cantopop,forro
8,0,cantopop,acoustic
8,6,cantopop,bluegrass
8,8,cantopop,cantopop
8,0,cantopop,acoustic
8,0,cantopop,acoustic
8,0,cantopop,acoustic
8,8,cantopop,cantopop
8,6,cantopop,bluegrass
8,8,cantopop,cantopop
8,13,cantopop,forro
8,6,cantopop,bluegrass
8,8,cantopop,cantopop
8,8,cantopop,cantopop
8,23,cantopop,study
8,1,cantopop,afrobeat
8,1,cantopop,afrobeat
8,8,cantopop,cantopop
8,0,cantopop,acoustic
8,8,cantopop,cantopop
8,20,cantopop,malay
8,23,cantopop,study
8,0,cantopop,acoustic
8,10,cantopop,club
8,0,cantopop,acoustic
8,2,cantopop,alt-rock
8,8,cantopop,cantopop
8,8,cantopop,cantopop
8,13,cantopop,forro
8,13,cantopop,forro
8,13,cantopop,forro
8,21,cantopop,salsa
8,8,cantopop,cantopop
9,5,chicago-house,black-metal
9,7,chicago-house,breakbeat
9,7,chicago-house,breakbeat
9,7,chicago-house,breakbeat
9,2,chicago-house,alt-rock
9,9,chicago-house,chicago-house
9,7,chicago-house,breakbeat
9,19,chicago-house,kids
9,9,chicago-house,chicago-house
9,9,chicago-house,chicago-house
9,9,chicago-house,chicago-house
9,9,chicago-house,chicago-house
9,9,chicago-house,chicago-house
9,9,chicago-house,chicago-house
9,7,chicago-house,breakbeat
9,9,chicago-house,chicago-house
9,9,chicago-house,chicago-house
9,9,chicago-house,chicago-house
9,9,chicago-house,chicago-house
9,9,chicago-house,chicago-house
9,10,chicago-house,club
9,9,chicago-house,chicago-house
9,9,chicago-house,chicago-house
9,9,chicago-house,chicago-house
9,19,chicago-house,kids
9,9,chicago-house,chicago-house
9,1,chicago-house,afrobeat
9,1,chicago-house,afrobeat
9,9,chicago-house,chicago-house
9,16,chicago-house,idm
9,9,chicago-house,chicago-house
9,19,chicago-house,kids
9,9,chicago-house,chicago-house
9,23,chicago-house,study
9,9,chicago-house,chicago-house
9,9,chicago-house,chicago-house
9,1,chicago-house,afrobeat
9,9,chicago-house,chicago-house
9,23,chicago-house,study
9,23,chicago-house,study
9,9,chicago-house,chicago-house
9,7,chicago-house,breakbeat
9,9,chicago-house,chicago-house
9,10,chicago-house,club
9,9,chicago-house,chicago-house
9,9,chicago-house,chicago-house
9,9,chicago-house,chicago-house
9,23,chicago-house,study
9,23,chicago-house,study
9,9,chicago-house,chicago-house
9,9,chicago-house,chicago-house
9,9,chicago-house,chicago-house
9,9,chicago-house,chicago-house
9,9,chicago-house,chicago-house
9,19,chicago-house,kids
9,9,chicago-house,chicago-house
9,9,chicago-house,chicago-house
9,9,chicago-house,chicago-house
9,9,chicago-house,chicago-house
9,9,chicago-house,chicago-house
9,9,chicago-house,chicago-house
9,9,chicago-house,chicago-house
9,9,chicago-house,chicago-house
9,9,chicago-house,chicago-house
9,9,chicago-house,chicago-house
9,9,chicago-house,chicago-house
9,23,chicago-house,study
9,9,chicago-house,chicago-house
9,19,chicago-house,kids
9,9,chicago-house,chicago-house
9,7,chicago-house,breakbeat
9,9,chicago-house,chicago-house
9,9,chicago-house,chicago-house
9,9,chicago-house,chicago-house
9,19,chicago-house,kids
9,9,chicago-house,chicago-house
9,9,chicago-house,chicago-house
9,9,chicago-house,chicago-house
9,9,chicago-house,chicago-house
9,10,chicago-house,club
9,19,chicago-house,kids
9,9,chicago-house,chicago-house
9,9,chicago-house,chicago-house
9,9,chicago-house,chicago-house
9,1,chicago-house,afrobeat
9,9,chicago-house,chicago-house
9,9,chicago-house,chicago-house
9,9,chicago-house,chicago-house
9,9,chicago-house,chicago-house
9,7,chicago-house,breakbeat
9,10,chicago-house,club
9,9,chicago-house,chicago-house
9,9,chicago-house,chicago-house
9,9,chicago-house,chicago-house
9,9,chicago-house,chicago-house
9,9,chicago-house,chicago-house
9,19,chicago-house,kids
9,9,chicago-house,chicago-house
9,9,chicago-house,chicago-house
9,19,chicago-house,kids
9,9,chicago-house,chicago-house
9,9,chicago-house,chicago-house
10,12,club,disney
10,3,club,ambient
10,12,club,disney
10,8,club,cantopop
10,5,club,black-metal
10,5,club,black-metal
10,12,club,disney
10,3,club,ambient
10,5,club,black-metal
10,6,club,bluegrass
10,23,club,study
10,6,club,bluegrass
10,5,club,black-metal
10,0,club,acoustic
10,15,club,heavy-metal
10,24,club,tango
10,10,club,club
10,20,club,malay
10,18,club,j-idol
10,10,club,club
10,8,club,cantopop
10,10,club,club
10,14,club,happy
10,10,club,club
10,7,club,breakbeat
10,0,club,acoustic
10,10,club,club
10,6,club,bluegrass
10,15,club,heavy-metal
10,2,club,alt-rock
10,10,club,club
10,10,club,club
10,14,club,happy
10,14,club,happy
10,10,club,club
10,7,club,breakbeat
10,10,club,club
10,20,club,malay
10,13,club,forro
10,14,club,happy
10,10,club,club
10,10,club,club
10,19,club,kids
10,10,club,club
10,6,club,bluegrass
10,8,club,cantopop
10,0,club,acoustic
10,10,club,club
10,10,club,club
10,10,club,club
10,7,club,breakbeat
10,16,club,idm
10,10,club,club
10,1,club,afrobeat
10,2,club,alt-rock
10,13,club,forro
10,0,club,acoustic
10,23,club,study
10,13,club,forro
10,10,club,club
10,10,club,club
10,13,club,forro
10,13,club,forro
10,13,club,forro
10,1,club,afrobeat
10,9,club,chicago-house
10,13,club,forro
10,10,club,club
10,13,club,forro
10,10,club,club
10,13,club,forro
10,10,club,club
10,9,club,chicago-house
10,18,club,j-idol
10,19,club,kids
10,10,club,club
10,10,club,club
10,7,club,breakbeat
10,23,club,study
10,10,club,club
10,18,club,j-idol
10,13,club,forro
10,10,club,club
10,20,club,malay
10,7,club,breakbeat
10,23,club,study
10,13,club,forro
10,20,club,malay
10,21,club,salsa
10,18,club,j-idol
10,14,club,happy
10,13,club,forro
10,9,club,chicago-house
10,10,club,club
10,14,club,happy
10,1,club,afrobeat
10,14,club,happy
10,1,club,afrobeat
11,11,comedy,comedy
11,11,comedy,comedy
11,11,comedy,comedy
11,11,comedy,comedy
11,11,comedy,comedy
11,20,comedy,malay
11,11,comedy,comedy
11,8,comedy,cantopop
11,11,comedy,comedy
11,11,comedy,comedy
11,11,comedy,comedy
11,11,comedy,comedy
11,11,comedy,comedy
11,11,comedy,comedy
11,11,comedy,comedy
11,11,comedy,comedy
11,11,comedy,comedy
11,11,comedy,comedy
11,20,comedy,malay
11,11,comedy,comedy
11,11,comedy,comedy
11,11,comedy,comedy
11,11,comedy,comedy
11,11,comedy,comedy
11,11,comedy,comedy
11,11,comedy,comedy
11,11,comedy,comedy
11,8,comedy,cantopop
11,11,comedy,comedy
11,11,comedy,comedy
11,11,comedy,comedy
11,10,comedy,club
11,11,comedy,comedy
11,11,comedy,comedy
11,11,comedy,comedy
11,11,comedy,comedy
11,11,comedy,comedy
11,11,comedy,comedy
11,11,comedy,comedy
11,6,comedy,bluegrass
11,24,comedy,tango
11,11,comedy,comedy
11,11,comedy,comedy
11,11,comedy,comedy
11,11,comedy,comedy
11,11,comedy,comedy
11,11,comedy,comedy
11,24,comedy,tango
11,11,comedy,comedy
11,11,comedy,comedy
11,11,comedy,comedy
11,11,comedy,comedy
11,11,comedy,comedy
11,11,comedy,comedy
11,11,comedy,comedy
11,11,comedy,comedy
11,11,comedy,comedy
11,11,comedy,comedy
11,11,comedy,comedy
11,11,comedy,comedy
11,11,comedy,comedy
11,11,comedy,comedy
11,11,comedy,comedy
11,11,comedy,comedy
11,11,comedy,comedy
11,11,comedy,comedy
11,11,comedy,comedy
11,11,comedy,comedy
11,11,comedy,comedy
11,18,comedy,j-idol
11,11,comedy,comedy
11,11,comedy,comedy
11,11,comedy,comedy
11,11,comedy,comedy
11,11,comedy,comedy
11,11,comedy,comedy
11,11,comedy,comedy
11,11,comedy,comedy
11,11,comedy,comedy
11,11,comedy,comedy
11,11,comedy,comedy
11,19,comedy,kids
11,11,comedy,comedy
11,24,comedy,tango
11,1,comedy,afrobeat
11,11,comedy,comedy
11,10,comedy,club
11,24,comedy,tango
11,11,comedy,comedy
11,13,comedy,forro
11,21,comedy,salsa
11,1,comedy,afrobeat
11,13,comedy,forro
11,13,comedy,forro
11,8,comedy,cantopop
11,19,comedy,kids
11,13,comedy,forro
12,12,disney,disney
12,12,disney,disney
12,12,disney,disney
12,12,disney,disney
12,12,disney,disney
12,12,disney,disney
12,12,disney,disney
12,12,disney,disney
12,12,disney,disney
12,12,disney,disney
12,12,disney,disney
12,12,disney,disney
12,10,disney,club
12,22,disney,sleep
12,3,disney,ambient
12,12,disney,disney
12,12,disney,disney
12,3,disney,ambient
12,12,disney,disney
12,12,disney,disney
12,12,disney,disney
12,12,disney,disney
12,12,disney,disney
12,20,disney,malay
12,12,disney,disney
12,8,disney,cantopop
12,8,disney,cantopop
12,12,disney,disney
12,12,disney,disney
12,24,disney,tango
12,24,disney,tango
12,24,disney,tango
12,12,disney,disney
12,3,disney,ambient
12,12,disney,disney
12,23,disney,study
12,12,disney,disney
12,12,disney,disney
12,6,disney,bluegrass
12,12,disney,disney
12,24,disney,tango
12,3,disney,ambient
12,12,disney,disney
12,12,disney,disney
12,12,disney,disney
12,24,disney,tango
12,12,disney,disney
12,12,disney,disney
12,3,disney,ambient
12,15,disney,heavy-metal
12,24,disney,tango
12,20,disney,malay
12,3,disney,ambient
12,0,disney,acoustic
12,20,disney,malay
12,20,disney,malay
12,2,disney,alt-rock
12,20,disney,malay
12,12,disney,disney
12,10,disney,club
12,0,disney,acoustic
12,4,disney,anime
12,20,disney,malay
12,12,disney,disney
12,24,disney,tango
12,8,disney,cantopop
12,8,disney,cantopop
12,11,disney,comedy
12,8,disney,cantopop
12,24,disney,tango
12,21,disney,salsa
12,23,disney,study
12,23,disney,study
12,24,disney,tango
12,20,disney,malay
12,23,disney,study
12,20,disney,malay
12,13,disney,forro
12,24,disney,tango
12,12,disney,disney
12,12,disney,disney
12,23,disney,study
12,21,disney,salsa
12,12,disney,disney
12,21,disney,salsa
12,24,disney,tango
12,12,disney,disney
12,13,disney,forro
12,24,disney,tango
12,24,disney,tango
13,4,forro,anime
13,13,forro,forro
13,8,forro,cantopop
13,8,forro,cantopop
13,13,forro,forro
13,13,forro,forro
13,13,forro,forro
13,8,forro,cantopop
13,13,forro,forro
13,13,forro,forro
13,13,forro,forro
13,2,forro,alt-rock
13,13,forro,forro
13,13,forro,forro
13,13,forro,forro
13,13,forro,forro
13,13,forro,forro
13,13,forro,forro
13,18,forro,j-idol
13,13,forro,forro
13,13,forro,forro
13,13,forro,forro
13,13,forro,forro
13,13,forro,forro
13,13,forro,forro
13,13,forro,forro
13,13,forro,forro
13,13,forro,forro
13,13,forro,forro
13,13,forro,forro
13,0,forro,acoustic
13,13,forro,forro
13,13,forro,forro
13,13,forro,forro
13,13,forro,forro
13,13,forro,forro
13,13,forro,forro
13,13,forro,forro
13,13,forro,forro
13,13,forro,forro
13,13,forro,forro
13,13,forro,forro
13,13,forro,forro
13,13,forro,forro
13,13,forro,forro
13,13,forro,forro
13,13,forro,forro
13,13,forro,forro
13,13,forro,forro
13,13,forro,forro
13,13,forro,forro
13,13,forro,forro
13,13,forro,forro
13,13,forro,forro
13,13,forro,forro
13,13,forro,forro
13,13,forro,forro
13,13,forro,forro
13,13,forro,forro
13,13,forro,forro
13,13,forro,forro
13,13,forro,forro
13,13,forro,forro
13,13,forro,forro
13,13,forro,forro
13,13,forro,forro
13,13,forro,forro
13,13,forro,forro
13,13,forro,forro
13,13,forro,forro
13,13,forro,forro
13,13,forro,forro
13,13,forro,forro
13,13,forro,forro
13,13,forro,forro
13,13,forro,forro
13,13,forro,forro
13,13,forro,forro
13,13,forro,forro
13,13,forro,forro
13,8,forro,cantopop
13,13,forro,forro
13,13,forro,forro
13,13,forro,forro
13,13,forro,forro
13,13,forro,forro
13,13,forro,forro
13,13,forro,forro
13,13,forro,forro
13,13,forro,forro
13,13,forro,forro
13,13,forro,forro
13,13,forro,forro
13,13,forro,forro
14,5,happy,black-metal
14,5,happy,black-metal
14,5,happy,black-metal
14,5,happy,black-metal
14,18,happy,j-idol
14,18,happy,j-idol
14,17,happy,iranian
14,18,happy,j-idol
14,15,happy,heavy-metal
14,14,happy,happy
14,14,happy,happy
14,4,happy,anime
14,14,happy,happy
14,14,happy,happy
14,14,happy,happy
14,6,happy,bluegrass
14,14,happy,happy
14,14,happy,happy
14,14,happy,happy
14,18,happy,j-idol
14,4,happy,anime
14,4,happy,anime
14,5,happy,black-metal
14,15,happy,heavy-metal
14,14,happy,happy
14,18,happy,j-idol
14,14,happy,happy
14,15,happy,heavy-metal
14,14,happy,happy
14,18,happy,j-idol
14,14,happy,happy
14,15,happy,heavy-metal
14,14,happy,happy
14,14,happy,happy
14,14,happy,happy
14,14,happy,happy
14,15,happy,heavy-metal
14,4,happy,anime
14,1,happy,afrobeat
14,14,happy,happy
14,14,happy,happy
14,15,happy,heavy-metal
14,14,happy,happy
14,14,happy,happy
14,13,happy,forro
14,18,happy,j-idol
14,14,happy,happy
14,14,happy,happy
14,14,happy,happy
14,14,happy,happy
14,14,happy,happy
14,14,happy,happy
14,18,happy,j-idol
14,18,happy,j-idol
14,14,happy,happy
14,14,happy,happy
14,18,happy,j-idol
14,2,happy,alt-rock
14,14,happy,happy
14,14,happy,happy
14,14,happy,happy
14,18,happy,j-idol
14,14,happy,happy
14,14,happy,happy
14,14,happy,happy
14,14,happy,happy
14,14,happy,happy
14,14,happy,happy
14,18,happy,j-idol
14,14,happy,happy
14,23,happy,study
14,15,happy,heavy-metal
14,14,happy,happy
14,18,happy,j-idol
14,14,happy,happy
14,14,happy,happy
14,14,happy,happy
14,18,happy,j-idol
14,15,happy,heavy-metal
14,23,happy,study
14,14,happy,happy
14,15,happy,heavy-metal
14,14,happy,happy
14,2,happy,alt-rock
14,7,happy,breakbeat
14,14,happy,happy
14,21,happy,salsa
14,19,happy,kids
14,14,happy,happy
14,2,happy,alt-rock
14,14,happy,happy
14,14,happy,happy
15,5,heavy-metal,black-metal
15,5,heavy-metal,black-metal
15,15,heavy-metal,heavy-metal
15,15,heavy-metal,heavy-metal
15,4,heavy-metal,anime
15,15,heavy-metal,heavy-metal
15,15,heavy-metal,heavy-metal
15,12,heavy-metal,disney
15,15,heavy-metal,heavy-metal
15,15,heavy-metal,heavy-metal
15,15,heavy-metal,heavy-metal
15,5,heavy-metal,black-metal
15,5,heavy-metal,black-metal
15,5,heavy-metal,black-metal
15,15,heavy-metal,heavy-metal
15,15,heavy-metal,heavy-metal
15,5,heavy-metal,black-metal
15,5,heavy-metal,black-metal
15,15,heavy-metal,heavy-metal
15,15,heavy-metal,heavy-metal
15,2,heavy-metal,alt-rock
15,5,heavy-metal,black-metal
15,4,heavy-metal,anime
15,15,heavy-metal,heavy-metal
15,15,heavy-metal,heavy-metal
15,12,heavy-metal,disney
15,8,heavy-metal,cantopop
15,15,heavy-metal,heavy-metal
15,15,heavy-metal,heavy-metal
15,15,heavy-metal,heavy-metal
15,15,heavy-metal,heavy-metal
15,15,heavy-metal,heavy-metal
15,15,heavy-metal,heavy-metal
15,5,heavy-metal,black-metal
15,15,heavy-metal,heavy-metal
15,15,heavy-metal,heavy-metal
15,15,heavy-metal,heavy-metal
15,5,heavy-metal,black-metal
15,15,heavy-metal,heavy-metal
15,15,heavy-metal,heavy-metal
15,1,heavy-metal,afrobeat
15,15,heavy-metal,heavy-metal
15,4,heavy-metal,anime
15,15,heavy-metal,heavy-metal
15,15,heavy-metal,heavy-metal
15,15,heavy-metal,heavy-metal
15,15,heavy-metal,heavy-metal
15,15,heavy-metal,heavy-metal
15,5,heavy-metal,black-metal
15,15,heavy-metal,heavy-metal
15,15,heavy-metal,heavy-metal
15,14,heavy-metal,happy
15,15,heavy-metal,heavy-metal
15,15,heavy-metal,heavy-metal
15,15,heavy-metal,heavy-metal
15,15,heavy-metal,heavy-metal
15,15,heavy-metal,heavy-metal
15,15,heavy-metal,heavy-metal
15,4,heavy-metal,anime
15,15,heavy-metal,heavy-metal
15,5,heavy-metal,black-metal
15,15,heavy-metal,heavy-metal
15,5,heavy-metal,black-metal
15,15,heavy-metal,heavy-metal
15,15,heavy-metal,heavy-metal
15,15,heavy-metal,heavy-metal
15,15,heavy-metal,heavy-metal
15,15,heavy-metal,heavy-metal
15,5,heavy-metal,black-metal
15,13,heavy-metal,forro
15,15,heavy-metal,heavy-metal
15,15,heavy-metal,heavy-metal
15,15,heavy-metal,heavy-metal
15,15,heavy-metal,heavy-metal
15,15,heavy-metal,heavy-metal
15,20,heavy-metal,malay
15,15,heavy-metal,heavy-metal
15,15,heavy-metal,heavy-metal
15,14,heavy-metal,happy
15,15,heavy-metal,heavy-metal
15,15,heavy-metal,heavy-metal
15,15,heavy-metal,heavy-metal
15,15,heavy-metal,heavy-metal
15,15,heavy-metal,heavy-metal
15,15,heavy-metal,heavy-metal
15,15,heavy-metal,heavy-metal
15,15,heavy-metal,heavy-metal
15,14,heavy-metal,happy
15,10,heavy-metal,club
15,8,heavy-metal,cantopop
15,15,heavy-metal,heavy-metal
15,15,heavy-metal,heavy-metal
15,14,heavy-metal,happy
15,15,heavy-metal,heavy-metal
15,1,heavy-metal,afrobeat
15,15,heavy-metal,heavy-metal
15,18,heavy-metal,j-idol
15,1,heavy-metal,afrobeat
16,17,idm,iranian
16,17,idm,iranian
16,17,idm,iranian
16,17,idm,iranian
16,17,idm,iranian
16,17,idm,iranian
16,17,idm,iranian
16,17,idm,iranian
16,16,idm,idm
16,17,idm,iranian
16,17,idm,iranian
16,16,idm,idm
16,16,idm,idm
16,17,idm,iranian
16,17,idm,iranian
16,16,idm,idm
16,16,idm,idm
16,16,idm,idm
16,16,idm,idm
16,16,idm,idm
16,16,idm,idm
16,12,idm,disney
16,5,idm,black-metal
16,16,idm,idm
16,16,idm,idm
16,0,idm,acoustic
16,22,idm,sleep
16,16,idm,idm
16,16,idm,idm
16,16,idm,idm
16,0,idm,acoustic
16,7,idm,breakbeat
16,16,idm,idm
16,16,idm,idm
16,16,idm,idm
16,16,idm,idm
16,23,idm,study
16,16,idm,idm
16,16,idm,idm
16,16,idm,idm
16,16,idm,idm
16,16,idm,idm
16,16,idm,idm
16,10,idm,club
16,16,idm,idm
16,16,idm,idm
16,16,idm,idm
16,16,idm,idm
16,10,idm,club
16,16,idm,idm
16,16,idm,idm
16,23,idm,study
16,16,idm,idm
16,23,idm,study
16,7,idm,breakbeat
16,7,idm,breakbeat
16,16,idm,idm
16,14,idm,happy
16,16,idm,idm
16,23,idm,study
16,10,idm,club
16,23,idm,study
16,16,idm,idm
16,23,idm,study
16,8,idm,cantopop
16,13,idm,forro
16,14,idm,happy
16,16,idm,idm
16,16,idm,idm
16,9,idm,chicago-house
16,23,idm,study
16,16,idm,idm
16,14,idm,happy
16,16,idm,idm
16,7,idm,breakbeat
16,18,idm,j-idol
16,23,idm,study
16,16,idm,idm
16,7,idm,breakbeat
16,7,idm,breakbeat
16,19,idm,kids
16,20,idm,malay
16,23,idm,study
16,23,idm,study
16,7,idm,breakbeat
16,14,idm,happy
16,9,idm,chicago-house
16,19,idm,kids
16,9,idm,chicago-house
16,16,idm,idm
16,19,idm,kids
16,1,idm,afrobeat
16,23,idm,study
16,16,idm,idm
16,9,idm,chicago-house
16,9,idm,chicago-house
16,9,idm,chicago-house
16,1,idm,afrobeat
16,9,idm,chicago-house
16,23,idm,study
16,23,idm,study
16,23,idm,study
16,9,idm,chicago-house
16,9,idm,chicago-house
16,21,idm,salsa
16,9,idm,chicago-house
16,9,idm,chicago-house
16,9,idm,chicago-house
16,7,idm,breakbeat
16,9,idm,chicago-house
16,23,idm,study
16,23,idm,study
16,19,idm,kids
16,19,idm,kids
17,17,iranian,iranian
17,17,iranian,iranian
17,17,iranian,iranian
17,17,iranian,iranian
17,17,iranian,iranian
17,17,iranian,iranian
17,17,iranian,iranian
17,17,iranian,iranian
17,17,iranian,iranian
17,17,iranian,iranian
17,17,iranian,iranian
17,17,iranian,iranian
17,17,iranian,iranian
17,17,iranian,iranian
17,17,iranian,iranian
17,17,iranian,iranian
17,17,iranian,iranian
17,17,iranian,iranian
17,17,iranian,iranian
17,17,iranian,iranian
17,17,iranian,iranian
17,17,iranian,iranian
17,17,iranian,iranian
17,17,iranian,iranian
17,17,iranian,iranian
17,17,iranian,iranian
17,17,iranian,iranian
17,17,iranian,iranian
17,17,iranian,iranian
17,17,iranian,iranian
17,17,iranian,iranian
17,17,iranian,iranian
17,17,iranian,iranian
17,17,iranian,iranian
17,17,iranian,iranian
17,17,iranian,iranian
17,17,iranian,iranian
17,17,iranian,iranian
17,17,iranian,iranian
17,17,iranian,iranian
17,17,iranian,iranian
17,17,iranian,iranian
17,17,iranian,iranian
17,17,iranian,iranian
17,17,iranian,iranian
17,7,iranian,breakbeat
17,5,iranian,black-metal
17,17,iranian,iranian
17,17,iranian,iranian
17,17,iranian,iranian
17,17,iranian,iranian
17,17,iranian,iranian
17,17,iranian,iranian
17,17,iranian,iranian
17,17,iranian,iranian
17,17,iranian,iranian
17,17,iranian,iranian
17,17,iranian,iranian
17,17,iranian,iranian
17,2,iranian,alt-rock
17,17,iranian,iranian
17,17,iranian,iranian
17,17,iranian,iranian
17,17,iranian,iranian
17,17,iranian,iranian
17,2,iranian,alt-rock
17,17,iranian,iranian
17,17,iranian,iranian
17,17,iranian,iranian
17,17,iranian,iranian
17,2,iranian,alt-rock
17,17,iranian,iranian
17,17,iranian,iranian
17,16,iranian,idm
17,17,iranian,iranian
17,17,iranian,iranian
17,17,iranian,iranian
17,17,iranian,iranian
17,2,iranian,alt-rock
17,17,iranian,iranian
17,24,iranian,tango
17,2,iranian,alt-rock
17,24,iranian,tango
17,23,iranian,study
18,5,j-idol,black-metal
18,5,j-idol,black-metal
18,15,j-idol,heavy-metal
18,18,j-idol,j-idol
18,14,j-idol,happy
18,18,j-idol,j-idol
18,14,j-idol,happy
18,18,j-idol,j-idol
18,18,j-idol,j-idol
18,15,j-idol,heavy-metal
18,18,j-idol,j-idol
18,14,j-idol,happy
18,18,j-idol,j-idol
18,18,j-idol,j-idol
18,15,j-idol,heavy-metal
18,18,j-idol,j-idol
18,18,j-idol,j-idol
18,18,j-idol,j-idol
18,18,j-idol,j-idol
18,18,j-idol,j-idol
18,15,j-idol,heavy-metal
18,18,j-idol,j-idol
18,8,j-idol,cantopop
18,13,j-idol,forro
18,21,j-idol,salsa
18,15,j-idol,heavy-metal
18,15,j-idol,heavy-metal
18,14,j-idol,happy
18,18,j-idol,j-idol
18,18,j-idol,j-idol
18,15,j-idol,heavy-metal
18,6,j-idol,bluegrass
18,18,j-idol,j-idol
18,18,j-idol,j-idol
18,18,j-idol,j-idol
18,6,j-idol,bluegrass
18,6,j-idol,bluegrass
18,6,j-idol,bluegrass
18,18,j-idol,j-idol
18,18,j-idol,j-idol
18,15,j-idol,heavy-metal
18,18,j-idol,j-idol
18,18,j-idol,j-idol
18,18,j-idol,j-idol
18,18,j-idol,j-idol
18,18,j-idol,j-idol
18,18,j-idol,j-idol
18,15,j-idol,heavy-metal
18,21,j-idol,salsa
18,18,j-idol,j-idol
18,15,j-idol,heavy-metal
18,18,j-idol,j-idol
18,15,j-idol,heavy-metal
18,6,j-idol,bluegrass
18,18,j-idol,j-idol
18,18,j-idol,j-idol
18,8,j-idol,cantopop
18,18,j-idol,j-idol
18,18,j-idol,j-idol
18,4,j-idol,anime
18,4,j-idol,anime
18,8,j-idol,cantopop
18,15,j-idol,heavy-metal
18,18,j-idol,j-idol
18,13,j-idol,forro
18,18,j-idol,j-idol
18,8,j-idol,cantopop
18,6,j-idol,bluegrass
18,14,j-idol,happy
18,18,j-idol,j-idol
18,6,j-idol,bluegrass
18,6,j-idol,bluegrass
18,18,j-idol,j-idol
18,6,j-idol,bluegrass
18,18,j-idol,j-idol
18,18,j-idol,j-idol
18,18,j-idol,j-idol
18,4,j-idol,anime
18,21,j-idol,salsa
18,18,j-idol,j-idol
18,18,j-idol,j-idol
18,18,j-idol,j-idol
18,18,j-idol,j-idol
18,18,j-idol,j-idol
18,21,j-idol,salsa
18,1,j-idol,afrobeat
18,6,j-idol,bluegrass
18,18,j-idol,j-idol
18,18,j-idol,j-idol
18,18,j-idol,j-idol
18,18,j-idol,j-idol
18,13,j-idol,forro
18,21,j-idol,salsa
18,18,j-idol,j-idol
18,6,j-idol,bluegrass
18,18,j-idol,j-idol
18,21,j-idol,salsa
18,14,j-idol,happy
18,18,j-idol,j-idol
18,13,j-idol,forro
18,18,j-idol,j-idol
18,18,j-idol,j-idol
18,1,j-idol,afrobeat
18,6,j-idol,bluegrass
18,21,j-idol,salsa
18,18,j-idol,j-idol
18,18,j-idol,j-idol
18,18,j-idol,j-idol
18,6,j-idol,bluegrass
19,16,kids,idm
19,19,kids,kids
19,19,kids,kids
19,19,kids,kids
19,19,kids,kids
19,24,kids,tango
19,24,kids,tango
19,19,kids,kids
19,24,kids,tango
19,19,kids,kids
19,2,kids,alt-rock
19,7,kids,breakbeat
19,19,kids,kids
19,19,kids,kids
19,24,kids,tango
19,19,kids,kids
19,1,kids,afrobeat
19,21,kids,salsa
19,19,kids,kids
19,19,kids,kids
19,19,kids,kids
19,19,kids,kids
19,19,kids,kids
19,19,kids,kids
19,19,kids,kids
19,19,kids,kids
19,9,kids,chicago-house
19,19,kids,kids
19,19,kids,kids
19,21,kids,salsa
19,24,kids,tango
19,19,kids,kids
19,9,kids,chicago-house
19,10,kids,club
19,19,kids,kids
19,19,kids,kids
19,1,kids,afrobeat
19,19,kids,kids
19,21,kids,salsa
19,19,kids,kids
19,19,kids,kids
19,1,kids,afrobeat
19,19,kids,kids
19,21,kids,salsa
19,24,kids,tango
19,9,kids,chicago-house
19,19,kids,kids
19,19,kids,kids
19,7,kids,breakbeat
19,19,kids,kids
19,19,kids,kids
19,21,kids,salsa
19,0,kids,acoustic
19,21,kids,salsa
19,19,kids,kids
19,21,kids,salsa
19,19,kids,kids
19,19,kids,kids
19,19,kids,kids
19,19,kids,kids
19,21,kids,salsa
19,19,kids,kids
19,19,kids,kids
19,19,kids,kids
19,19,kids,kids
19,19,kids,kids
19,19,kids,kids
19,19,kids,kids
19,19,kids,kids
19,19,kids,kids
19,19,kids,kids
19,19,kids,kids
19,19,kids,kids
19,19,kids,kids
19,19,kids,kids
19,19,kids,kids
19,19,kids,kids
19,19,kids,kids
19,1,kids,afrobeat
19,9,kids,chicago-house
19,9,kids,chicago-house
19,19,kids,kids
19,19,kids,kids
19,19,kids,kids
19,21,kids,salsa
19,1,kids,afrobeat
19,19,kids,kids
20,0,malay,acoustic
20,12,malay,disney
20,5,malay,black-metal
20,8,malay,cantopop
20,2,malay,alt-rock
20,8,malay,cantopop
20,0,malay,acoustic
20,24,malay,tango
20,15,malay,heavy-metal
20,20,malay,malay
20,6,malay,bluegrass
20,20,malay,malay
20,24,malay,tango
20,24,malay,tango
20,8,malay,cantopop
20,12,malay,disney
20,8,malay,cantopop
20,18,malay,j-idol
20,20,malay,malay
20,13,malay,forro
20,18,malay,j-idol
20,8,malay,cantopop
20,8,malay,cantopop
20,20,malay,malay
20,6,malay,bluegrass
20,8,malay,cantopop
20,13,malay,forro
20,8,malay,cantopop
20,8,malay,cantopop
20,20,malay,malay
20,24,malay,tango
20,0,malay,acoustic
20,6,malay,bluegrass
20,8,malay,cantopop
20,20,malay,malay
20,0,malay,acoustic
20,6,malay,bluegrass
20,18,malay,j-idol
20,6,malay,bluegrass
20,13,malay,forro
20,24,malay,tango
20,18,malay,j-idol
20,20,malay,malay
20,20,malay,malay
20,0,malay,acoustic
20,20,malay,malay
20,13,malay,forro
20,1,malay,afrobeat
20,24,malay,tango
20,23,malay,study
20,0,malay,acoustic
20,8,malay,cantopop
20,13,malay,forro
20,6,malay,bluegrass
20,24,malay,tango
20,8,malay,cantopop
20,0,malay,acoustic
20,6,malay,bluegrass
20,1,malay,afrobeat
20,21,malay,salsa
20,24,malay,tango
20,8,malay,cantopop
20,24,malay,tango
20,24,malay,tango
20,6,malay,bluegrass
20,6,malay,bluegrass
20,20,malay,malay
20,20,malay,malay
20,21,malay,salsa
20,21,malay,salsa
20,21,malay,salsa
20,10,malay,club
20,6,malay,bluegrass
20,20,malay,malay
20,19,malay,kids
20,20,malay,malay
20,13,malay,forro
20,6,malay,bluegrass
20,13,malay,forro
20,0,malay,acoustic
20,8,malay,cantopop
20,1,malay,afrobeat
20,13,malay,forro
20,1,malay,afrobeat
20,1,malay,afrobeat
20,1,malay,afrobeat
20,20,malay,malay
20,13,malay,forro
20,21,malay,salsa
20,13,malay,forro
20,21,malay,salsa
20,14,malay,happy
20,19,malay,kids
20,21,malay,salsa
20,21,malay,salsa
20,1,malay,afrobeat
20,1,malay,afrobeat
20,8,malay,cantopop
20,19,malay,kids
20,19,malay,kids
20,21,malay,salsa
20,19,malay,kids
21,21,salsa,salsa
21,21,salsa,salsa
21,13,salsa,forro
21,8,salsa,cantopop
21,18,salsa,j-idol
21,20,salsa,malay
21,21,salsa,salsa
21,21,salsa,salsa
21,23,salsa,study
21,21,salsa,salsa
21,21,salsa,salsa
21,6,salsa,bluegrass
21,21,salsa,salsa
21,20,salsa,malay
21,21,salsa,salsa
21,21,salsa,salsa
21,21,salsa,salsa
21,21,salsa,salsa
21,21,salsa,salsa
21,21,salsa,salsa
21,21,salsa,salsa
21,21,salsa,salsa
21,21,salsa,salsa
21,21,salsa,salsa
21,13,salsa,forro
21,21,salsa,salsa
21,21,salsa,salsa
21,21,salsa,salsa
21,20,salsa,malay
21,21,salsa,salsa
21,21,salsa,salsa
21,21,salsa,salsa
21,13,salsa,forro
21,21,salsa,salsa
21,21,salsa,salsa
21,21,salsa,salsa
21,21,salsa,salsa
21,21,salsa,salsa
21,21,salsa,salsa
21,21,salsa,salsa
21,21,salsa,salsa
21,21,salsa,salsa
21,21,salsa,salsa
21,21,salsa,salsa
21,21,salsa,salsa
21,21,salsa,salsa
21,21,salsa,salsa
21,21,salsa,salsa
21,21,salsa,salsa
21,21,salsa,salsa
21,21,salsa,salsa
21,21,salsa,salsa
21,21,salsa,salsa
21,21,salsa,salsa
21,21,salsa,salsa
21,21,salsa,salsa
21,21,salsa,salsa
21,21,salsa,salsa
21,13,salsa,forro
21,21,salsa,salsa
21,21,salsa,salsa
21,21,salsa,salsa
21,21,salsa,salsa
21,21,salsa,salsa
21,21,salsa,salsa
21,21,salsa,salsa
21,21,salsa,salsa
21,21,salsa,salsa
21,21,salsa,salsa
21,21,salsa,salsa
21,21,salsa,salsa
21,18,salsa,j-idol
21,21,salsa,salsa
21,21,salsa,salsa
21,21,salsa,salsa
21,21,salsa,salsa
21,13,salsa,forro
21,21,salsa,salsa
21,1,salsa,afrobeat
21,13,salsa,forro
21,21,salsa,salsa
21,21,salsa,salsa
21,21,salsa,salsa
21,21,salsa,salsa
21,21,salsa,salsa
21,2,salsa,alt-rock
21,21,salsa,salsa
21,21,salsa,salsa
21,21,salsa,salsa
21,21,salsa,salsa
21,21,salsa,salsa
21,21,salsa,salsa
21,13,salsa,forro
21,24,salsa,tango
21,21,salsa,salsa
21,21,salsa,salsa
21,21,salsa,salsa
21,21,salsa,salsa
21,21,salsa,salsa
21,21,salsa,salsa
21,21,salsa,salsa
21,21,salsa,salsa
21,21,salsa,salsa
21,21,salsa,salsa
21,21,salsa,salsa
21,21,salsa,salsa
21,21,salsa,salsa
21,21,salsa,salsa
21,21,salsa,salsa
21,21,salsa,salsa
21,21,salsa,salsa
22,22,sleep,sleep
22,22,sleep,sleep
22,22,sleep,sleep
22,22,sleep,sleep
22,22,sleep,sleep
22,22,sleep,sleep
22,22,sleep,sleep
22,22,sleep,sleep
22,22,sleep,sleep
22,22,sleep,sleep
22,22,sleep,sleep
22,22,sleep,sleep
22,22,sleep,sleep
22,22,sleep,sleep
22,22,sleep,sleep
22,22,sleep,sleep
22,22,sleep,sleep
22,22,sleep,sleep
22,22,sleep,sleep
22,22,sleep,sleep
22,22,sleep,sleep
22,22,sleep,sleep
22,22,sleep,sleep
22,17,sleep,iranian
22,17,sleep,iranian
22,22,sleep,sleep
22,22,sleep,sleep
22,22,sleep,sleep
22,22,sleep,sleep
22,22,sleep,sleep
22,22,sleep,sleep
22,22,sleep,sleep
22,22,sleep,sleep
22,22,sleep,sleep
22,22,sleep,sleep
22,22,sleep,sleep
22,22,sleep,sleep
22,22,sleep,sleep
22,22,sleep,sleep
22,22,sleep,sleep
22,22,sleep,sleep
22,22,sleep,sleep
22,22,sleep,sleep
22,22,sleep,sleep
22,17,sleep,iranian
22,22,sleep,sleep
22,22,sleep,sleep
22,22,sleep,sleep
22,17,sleep,iranian
22,22,sleep,sleep
22,22,sleep,sleep
22,22,sleep,sleep
22,22,sleep,sleep
22,22,sleep,sleep
22,22,sleep,sleep
22,22,sleep,sleep
22,17,sleep,iranian
22,17,sleep,iranian
22,22,sleep,sleep
22,22,sleep,sleep
22,22,sleep,sleep
22,22,sleep,sleep
22,22,sleep,sleep
22,3,sleep,ambient
22,22,sleep,sleep
22,22,sleep,sleep
22,17,sleep,iranian
22,22,sleep,sleep
22,22,sleep,sleep
22,17,sleep,iranian
22,22,sleep,sleep
22,22,sleep,sleep
22,17,sleep,iranian
22,22,sleep,sleep
22,22,sleep,sleep
22,17,sleep,iranian
22,17,sleep,iranian
22,22,sleep,sleep
22,22,sleep,sleep
22,3,sleep,ambient
22,22,sleep,sleep
22,5,sleep,black-metal
22,3,sleep,ambient
22,22,sleep,sleep
22,22,sleep,sleep
22,22,sleep,sleep
22,17,sleep,iranian
22,17,sleep,iranian
22,17,sleep,iranian
22,17,sleep,iranian
22,22,sleep,sleep
22,0,sleep,acoustic
22,3,sleep,ambient
22,17,sleep,iranian
22,22,sleep,sleep
22,12,sleep,disney
22,2,sleep,alt-rock
22,3,sleep,ambient
22,22,sleep,sleep
22,12,sleep,disney
23,23,study,study
23,23,study,study
23,23,study,study
23,23,study,study
23,3,study,ambient
23,23,study,study
23,16,study,idm
23,23,study,study
23,23,study,study
23,23,study,study
23,16,study,idm
23,6,study,bluegrass
23,23,study,study
23,23,study,study
23,23,study,study
23,1,study,afrobeat
23,23,study,study
23,23,study,study
23,23,study,study
23,23,study,study
23,23,study,study
23,23,study,study
23,23,study,study
23,23,study,study
23,23,study,study
23,23,study,study
23,23,study,study
23,23,study,study
23,23,study,study
23,9,study,chicago-house
23,23,study,study
23,19,study,kids
23,23,study,study
23,23,study,study
23,23,study,study
23,23,study,study
23,23,study,study
23,23,study,study
23,16,study,idm
23,1,study,afrobeat
23,23,study,study
23,23,study,study
23,23,study,study
23,23,study,study
23,23,study,study
23,23,study,study
23,23,study,study
23,1,study,afrobeat
23,23,study,study
23,9,study,chicago-house
23,23,study,study
23,23,study,study
23,23,study,study
23,19,study,kids
23,23,study,study
23,23,study,study
23,23,study,study
23,23,study,study
23,2,study,alt-rock
23,23,study,study
23,23,study,study
23,23,study,study
23,23,study,study
23,9,study,chicago-house
23,23,study,study
23,23,study,study
23,23,study,study
23,23,study,study
23,23,study,study
23,23,study,study
23,23,study,study
23,23,study,study
23,23,study,study
23,23,study,study
23,23,study,study
23,23,study,study
23,23,study,study
23,1,study,afrobeat
23,23,study,study
23,23,study,study
23,23,study,study
23,23,study,study
23,1,study,afrobeat
23,23,study,study
23,23,study,study
23,9,study,chicago-house
23,23,study,study
23,23,study,study
23,23,study,study
23,1,study,afrobeat
23,23,study,study
23,23,study,study
23,23,study,study
23,23,study,study
23,23,study,study
23,9,study,chicago-house
23,9,study,chicago-house
23,23,study,study
23,23,study,study
23,9,study,chicago-house
23,0,study,acoustic
23,23,study,study
23,23,study,study
24,12,tango,disney
24,12,tango,disney
24,12,tango,disney
24,24,tango,tango
24,24,tango,tango
24,24,tango,tango
24,20,tango,malay
24,11,tango,comedy
24,24,tango,tango
24,24,tango,tango
24,24,tango,tango
24,12,tango,disney
24,24,tango,tango
24,24,tango,tango
24,24,tango,tango
24,24,tango,tango
24,24,tango,tango
24,24,tango,tango
24,24,tango,tango
24,24,tango,tango
24,24,tango,tango
24,24,tango,tango
24,24,tango,tango
24,8,tango,cantopop
24,12,tango,disney
24,8,tango,cantopop
24,11,tango,comedy
24,24,tango,tango
24,6,tango,bluegrass
24,24,tango,tango
24,24,tango,tango
24,24,tango,tango
24,24,tango,tango
24,24,tango,tango
24,24,tango,tango
24,24,tango,tango
24,24,tango,tango
24,6,tango,bluegrass
24,24,tango,tango
24,6,tango,bluegrass
24,24,tango,tango
24,24,tango,tango
24,24,tango,tango
24,20,tango,malay
24,24,tango,tango
24,24,tango,tango
24,24,tango,tango
24,24,tango,tango
24,24,tango,tango
24,11,tango,comedy
24,24,tango,tango
24,24,tango,tango
24,24,tango,tango
24,8,tango,cantopop
24,24,tango,tango
24,24,tango,tango
24,24,tango,tango
24,24,tango,tango
24,24,tango,tango
24,15,tango,heavy-metal
24,24,tango,tango
24,24,tango,tango
24,24,tango,tango
24,24,tango,tango
24,24,tango,tango
24,24,tango,tango
24,24,tango,tango
24,24,tango,tango
24,8,tango,cantopop
24,24,tango,tango
24,24,tango,tango
24,24,tango,tango
24,24,tango,tango
24,24,tango,tango
24,24,tango,tango
24,24,tango,tango
24,20,tango,malay
24,24,tango,tango
24,24,tango,tango
24,24,tango,tango
24,24,tango,tango
24,24,tango,tango
24,24,tango,tango
24,24,tango,tango
24,24,tango,tango
24,24,tango,tango
24,24,tango,tango
24,24,tango,tango
24,24,tango,tango
24,24,tango,tango
24,1,tango,afrobeat
24,19,tango,kids
24,6,tango,bluegrass
24,21,tango,salsa
24,24,tango,tango
24,24,tango,tango
24,24,tango,tango
24,24,tango,tango
24,24,tango,tango
24,24,tango,tango
24,24,tango,tango
24,23,tango,study
24,24,tango,tango
24,24,tango,tango
24,1,tango,afrobeat
24,24,tango,tango
24,24,tango,tango
24,24,tango,tango
24,24,tango,tango
24,24,tango,tango
